[
  {
    "id": "77b80485-5a04-42b4-8327-58ae60d51dc2",
    "name": "Victoria",
    "birthDate": "1992-01-20",
    "status": "active",
    "contacts": [
      {
        "type": "phone",
        "value": "11999201723"
      }
    ]
  },
  {
    "id": "69767cb7-9caf-4168-8240-baed386d4fa3",
    "name": "Felipe",
    "birthDate": "1984-07-25",
    "status": "active",
    "contacts": [
      {
        "type": "email",
        "value": "felipejs@gmail.com"
      }
    ]
  },
  {
    "id": "fd76a1f4-984a-4d68-853d-7ab26a58941b",
    "name": "Lucas",
    "birthDate": "2000-01-20",
    "status": "inactive",
    "address": [
      "Rua Teste"
    ],
    "contacts": [
      {
        "type": "phone",
        "value": "1199999999"
      }
    ]
  }
]